Date,District,Ward,Types of houses,House ownership certificate,Number of floors,Number of bedrooms,Total rooms,Area (m2),Length (m),Width (m),Price (million)/ m2,Total price (million)
02/09/2020,4,Phuc Xa,1,Yes,3,3,7,32.0,9.14,3.5,375.0,12000.0
02/10/2020,15,Khuong Dinh,3,Yes,4,4,10,42.0,8.4,5.0,71.43,3000.06
02/10/2020,7,Nam Dong,3,Yes,5,6,13,50.0,10.0,5.0,290.0,14500.0
02/11/2020,11,Dinh Cong,1,Yes,5,6,11,45.0,8.04,5.6,96.67,4350.15
02/12/2020,9,Le Dai Hanh,2,Yes,5,4,10,41.0,8.2,5.0,304.88,12500.08
02/16/2020,7,Quoc Tu Giam,2,Yes,5,6,12,100.0,13.33,7.5,360.0,36000.0
02/17/2020,6,Trung Hoa,1,Yes,5,5,10,70.0,11.29,6.2,235.71,16499.7
02/19/2020,14,Quang An,4,Yes,5,5,10,99.0,13.2,7.5,176.77,17500.23
02/20/2020,12,Thuong Thanh,1,Yes,5,3,7,33.0,9.43,3.5,57.58,1900.14
02/24/2020,15,Phuong Liet,2,Yes,5,5,11,96.0,12.31,7.8,112.5,10800.0
02/24/2020,7,Quang Trung,2,Yes,2,3,6,68.0,10.46,6.5,257.35,17499.8
02/28/2020,7,Lang Ha,3,Yes,4,3,12,60.0,9.23,6.5,183.33,10999.8
02/28/2020,7,Quoc Tu Giam,2,Yes,4,5,10,155.0,12.92,12.0,193.55,30000.25
02/29/2020,15,Khuong Trung,2,Yes,5,4,10,64.0,9.85,6.5,257.81,16499.84
03/05/2020,15,Nhan Chinh,1,Yes,4,4,8,62.0,9.54,6.5,90.32,5599.84
03/09/2020,4,Kim Ma,1,Yes,4,4,8,52.0,10.4,5.0,86.54,4500.08
03/10/2020,13,Me Tri,4,Yes,4,4,13,195.0,30.0,6.5,123.08,24000.6
03/11/2020,15,Khuong Mai,3,Yes,6,8,16,70.0,10.77,6.5,192.86,13500.2
03/11/2020,15,Khuong Trung,2,Yes,5,5,11,60.0,9.23,6.5,130.0,7800.0
03/12/2020,9,Dong Mac,3,Yes,6,4,13,36.0,10.98,3.28,169.44,6099.84
03/14/2020,15,Khuong Dinh,2,Yes,4,10,15,95.0,13.34,7.12,150.53,14300.35
03/14/2020,6,Quan Hoa,2,Yes,6,6,13,90.0,12.0,7.5,143.33,12899.7
03/16/2020,14,Buoi,1,Yes,1,2,6,69.0,10.62,6.5,130.43,8999.67
03/17/2020,12,Gia Thuy,2,Yes,5,4,10,33.0,9.38,3.52,103.03,3399.99
03/17/2020,13,My Dinh 1,2,Yes,8,8,17,55.0,11.0,5.0,112.73,6200.15
03/17/2020,6,Trung Hoa,1,Yes,4,4,8,62.0,8.92,6.95,85.48,5299.76
03/18/2020,15,Thuong Dinh,1,No,5,3,7,38.0,10.86,3.5,94.74,3600.12
03/18/2020,14,Xuan La,1,Yes,5,6,11,37.0,10.57,3.5,97.3,3600.1
03/18/2020,14,Yen Phu,2,Yes,5,6,12,50.0,12.5,4.0,160.0,8000.0
03/19/2020,12,Bo De,1,Yes,5,4,8,43.0,7.29,5.9,97.67,4199.81
03/20/2020,13,Cau Dien,1,Yes,7,5,10,42.0,8.4,5.0,126.19,5299.98
03/20/2020,7,Nam Dong,2,Yes,5,6,12,100.0,13.33,7.5,250.0,25000.0
03/22/2020,14,Buoi,2,Yes,5,3,9,50.0,8.33,6.0,136.0,6800.0
03/23/2020,11,Dinh Cong,2,Yes,5,4,10,60.0,9.23,6.5,135.0,8100.0
03/23/2020,13,Me Tri,2,Yes,5,3,9,37.0,11.01,3.36,100.0,3700.0
03/24/2020,14,Xuan La,3,Yes,5,4,11,40.0,11.43,3.5,62.5,2500.0
03/25/2020,15,Khuong Mai,2,Yes,3,3,7,58.0,8.92,6.5,279.31,16199.98
03/25/2020,2,Van Canh,4,Yes,4,4,11,114.0,12.67,9.0,64.04,7300.56
03/25/2020,14,Xuan La,2,Yes,4,5,10,60.0,9.23,6.5,150.0,9000.0
03/26/2020,7,O Cho Dua,2,Yes,3,3,7,30.0,10.0,3.0,106.67,3200.1
03/26/2020,9,Quynh Mai,2,Yes,5,4,10,52.0,10.2,5.1,105.77,5500.04
03/27/2020,7,Khuong Thuong,2,Yes,5,7,13,40.0,11.43,3.5,125.0,5000.0
03/28/2020,13,My Dinh 1,2,Yes,5,6,12,43.0,8.6,5.0,120.93,5199.99
03/28/2020,13,My Dinh 1,1,Yes,6,5,10,45.0,9.0,5.0,71.11,3199.95
03/29/2020,5,Co Nhue 2,2,Yes,6,4,11,100.0,12.15,8.23,110.0,11000.0
03/30/2020,13,My Dinh 1,2,Yes,7,4,12,35.0,10.0,3.5,145.71,5099.85
03/31/2020,4,Vinh Phuc,2,Yes,5,3,9,41.0,8.04,5.1,91.46,3749.86
04/27/2020,4,Doi Can,1,Yes,4,3,7,42.0,7.64,5.5,83.33,3499.86
04/27/2020,7,Trung Phung,1,No,3,2,6,22.0,5.5,4.0,63.64,1400.08
05/04/2020,14,Tu Lien,1,Yes,1,1,5,72.0,10.11,7.12,62.5,4500.0
05/20/2020,9,Cau Den,2,Yes,8,2,11,172.0,27.3,6.3,325.58,55999.76
05/20/2020,11,Giap Bat,2,Yes,4,4,9,40.0,11.43,3.5,87.5,3500.0
05/20/2020,11,Giap Bat,1,Yes,5,4,8,48.0,9.6,5.0,93.75,4500.0
05/20/2020,11,Hoang Van Thu,2,Yes,5,5,11,45.0,9.0,5.0,95.56,4300.2
05/20/2020,7,Kim Lien,1,No,5,4,8,41.0,8.2,5.0,114.63,4699.83
05/20/2020,4,Ngoc Ha,4,Yes,4,5,14,88.0,11.73,7.5,104.55,9200.4
05/20/2020,12,Ngoc Thuy,2,Yes,4,3,8,65.0,10.4,6.25,76.92,4999.8
05/20/2020,9,Pho Hue,2,Yes,4,6,11,96.0,12.8,7.5,125.0,12000.0
05/20/2020,12,Thach Ban,1,Yes,5,3,7,32.0,8.21,3.9,65.63,2100.16
06/09/2020,12,Bo De,1,Yes,5,4,8,60.0,9.23,6.5,88.33,5299.8
06/09/2020,14,Buoi,1,Yes,5,4,8,35.0,10.0,3.5,92.86,3250.1
06/09/2020,9,Cau Den,1,Yes,4,2,6,35.0,10.0,3.5,85.71,2999.85
06/09/2020,4,Cong Vi,1,Yes,4,4,8,33.0,9.12,3.62,128.79,4250.07
06/09/2020,12,Cu Khoi,1,Yes,4,3,7,30.0,9.09,3.3,57.67,1730.1
06/09/2020,11,Dai Kim,1,No,5,4,8,37.0,10.57,3.5,74.32,2749.84
06/09/2020,6,Dich Vong,1,Yes,4,4,8,40.0,11.43,3.5,75.0,3000.0
06/09/2020,6,Dich Vong,2,Yes,3,2,6,60.0,9.6,6.25,191.67,11500.2
06/09/2020,4,Doi Can,1,No,5,4,8,28.0,9.33,3.0,125.0,3500.0
06/09/2020,4,Doi Can,1,Yes,5,4,8,61.0,9.04,6.75,116.39,7099.79
06/09/2020,9,Dong Nhan,1,Yes,4,3,7,52.0,10.4,5.0,93.27,4850.04
06/09/2020,12,Duc Giang,1,Yes,5,3,7,45.0,8.49,5.3,48.0,2160.0
06/09/2020,8,Duong Noi,3,Yes,6,8,11,65.0,10.0,6.5,112.0,7280.0
06/09/2020,15,Ha Dinh,1,Yes,4,4,8,65.0,10.24,6.35,68.46,4449.9
06/09/2020,7,Hang Bot,1,No,5,3,7,40.0,11.43,3.5,90.0,3600.0
06/09/2020,15,Khuong Dinh,1,Yes,4,3,7,35.0,10.0,3.5,77.14,2699.9
06/09/2020,15,Khuong Dinh,1,Yes,4,4,8,42.0,8.4,5.0,85.71,3599.82
06/09/2020,15,Khuong Mai,2,Yes,3,3,7,54.0,10.8,5.0,157.41,8500.14
06/09/2020,15,Khuong Trung,1,No,4,3,7,25.0,5.95,4.2,78.0,1950.0
06/09/2020,15,Khuong Trung,1,Yes,5,4,8,35.0,10.61,3.3,85.71,2999.85
06/09/2020,15,Khuong Trung,1,No,4,3,7,35.0,10.0,3.5,81.43,2850.05
06/09/2020,7,Lang Ha,1,No,4,3,7,20.0,5.71,3.5,102.5,2050.0
06/09/2020,7,Lang Ha,1,Yes,5,3,7,80.0,12.31,6.5,143.75,11500.0
06/09/2020,11,Linh Nam,1,Yes,3,3,7,32.0,9.14,3.5,51.56,1649.92
06/09/2020,7,Nam Dong,1,Yes,4,3,7,35.0,8.91,3.93,82.86,2900.1
06/09/2020,6,Nghia Do,1,Yes,5,3,7,31.0,7.95,3.9,93.55,2900.05
06/09/2020,6,Nghia Do,1,Yes,5,3,7,33.0,9.43,3.5,87.88,2900.04
06/09/2020,4,Ngoc Khanh,1,Yes,4,4,8,46.0,9.2,5.0,133.7,6150.2
06/09/2020,12,Ngoc Lam,1,Yes,4,4,8,40.0,13.11,3.05,82.5,3300.0
06/09/2020,15,Nhan Chinh,1,Yes,5,3,7,30.0,8.82,3.4,98.33,2949.9
06/09/2020,15,Nhan Chinh,1,Yes,5,1,5,48.0,9.6,5.0,89.58,4299.84
06/09/2020,7,Quang Trung,1,Yes,3,2,6,36.0,10.75,3.35,86.11,3099.96
06/09/2020,7,Quoc Tu Giam,1,No,5,4,8,25.0,6.25,4.0,86.0,2150.0
06/09/2020,11,Tan Mai,1,No,5,3,7,31.0,8.86,3.5,95.16,2949.96
06/09/2020,3,Thanh Liet,1,Yes,4,3,7,33.0,10.38,3.18,80.3,2649.9
06/09/2020,15,Thuong Dinh,1,No,4,3,7,30.0,10.0,3.0,90.0,2700.0
06/09/2020,15,Thuong Dinh,1,No,4,4,8,50.0,10.0,5.0,80.0,4000.0
06/09/2020,7,Trung Liet,1,No,4,3,7,25.0,5.68,4.4,92.0,2300.0
06/09/2020,7,Trung Liet,1,Yes,5,6,11,42.0,8.4,5.0,88.1,3700.2
06/09/2020,9,Truong Dinh,2,Yes,5,4,10,45.0,8.74,5.15,98.89,4450.05
06/09/2020,8,Van Quan,1,Yes,5,3,7,30.0,10.0,3.0,75.0,2250.0
06/09/2020,12,Viet Hung,2,Yes,7,8,16,83.0,11.07,7.5,126.51,10500.33
06/09/2020,11,Vinh Hung,2,Yes,3,3,7,35.0,10.0,3.5,47.14,1649.9
06/09/2020,5,Xuan Dinh,1,Yes,5,3,7,36.0,10.29,3.5,80.56,2900.16
06/09/2020,5,Xuan Dinh,2,Yes,6,5,12,108.0,11.68,9.25,10.65,1150.2
06/23/2020,14,Buoi,1,Yes,6,4,8,40.0,11.11,3.6,162.5,6500.0
06/23/2020,11,Dai Kim,1,No,5,6,11,50.0,10.0,5.0,70.0,3500.0
06/23/2020,6,Dich Vong Hau,1,No,4,4,8,46.0,9.2,5.0,85.87,3950.02
06/23/2020,12,Gia Thuy,1,No,5,3,7,35.0,10.14,3.45,100.0,3500.0
06/23/2020,11,Giap Bat,1,No,5,4,8,42.0,8.08,5.2,66.67,2800.14
06/23/2020,11,Giap Bat,1,Yes,4,4,8,61.0,9.38,6.5,59.02,3600.22
06/23/2020,11,Hoang Liet,1,Yes,5,4,8,35.0,10.48,3.34,73.71,2579.85
06/23/2020,11,Hoang Van Thu,1,Yes,4,4,8,44.0,8.46,5.2,82.95,3649.8
06/23/2020,15,Khuong Dinh,2,Yes,5,5,11,36.0,10.62,3.39,94.44,3399.84
06/23/2020,15,Khuong Dinh,2,Yes,5,4,10,39.0,11.68,3.34,87.18,3400.02
06/23/2020,15,Khuong Dinh,1,Yes,4,2,6,40.0,11.43,3.5,65.0,2600.0
06/23/2020,15,Khuong Mai,2,Yes,4,4,9,52.0,10.4,5.0,115.38,5999.76
06/23/2020,15,Khuong Mai,1,Yes,4,4,8,60.0,9.23,6.5,75.0,4500.0
06/23/2020,15,Khuong Mai,1,Yes,5,6,11,70.0,10.77,6.5,67.14,4699.8
06/23/2020,4,Kim Ma,2,No,3,3,7,28.0,8.24,3.4,160.71,4499.88
06/23/2020,4,Kim Ma,2,Yes,5,4,10,56.0,8.62,6.5,428.57,23999.92
06/23/2020,8,La Khe,1,Yes,2,4,8,50.0,10.0,5.0,53.0,2650.0
06/23/2020,8,La Khe,3,Yes,5,5,14,85.0,11.33,7.5,100.0,8500.0
06/23/2020,7,Lang Ha,1,Yes,8,4,8,50.0,10.0,5.0,264.0,13200.0
06/23/2020,11,Linh Nam,1,No,5,3,7,35.0,10.0,3.5,60.0,2100.0
06/23/2020,13,Me Tri,1,Yes,4,4,8,40.0,11.43,3.5,92.5,3700.0
06/23/2020,13,My Dinh 1,2,Yes,2,2,5,110.0,12.22,9.0,76.36,8399.6
06/23/2020,13,My Dinh 2,1,Yes,5,4,8,40.0,11.43,3.5,90.0,3600.0
06/23/2020,7,Nam Dong,2,No,5,4,10,20.0,5.0,4.0,217.5,4350.0
06/23/2020,7,Nam Dong,2,No,5,3,9,25.0,5.95,4.2,174.0,4350.0
06/23/2020,12,Ngoc Lam,1,Yes,5,3,7,38.0,10.86,3.5,100.0,3800.0
06/23/2020,12,Ngoc Thuy,1,Yes,6,4,8,33.0,9.43,3.5,93.94,3100.02
06/23/2020,13,Phu Do,1,Yes,1,2,6,55.0,11.46,4.8,14.91,820.05
06/23/2020,10,Phuc Tan,1,No,4,6,11,58.0,8.92,6.5,124.14,7200.12
06/23/2020,7,Phuong Mai,1,Yes,4,4,8,45.0,9.0,5.0,142.22,6399.9
06/23/2020,9,Quynh Loi,2,Yes,6,4,11,43.0,8.6,5.0,160.47,6900.21
06/23/2020,11,Tan Mai,2,Yes,5,4,10,35.0,9.43,3.71,102.86,3600.1
06/23/2020,11,Tan Mai,1,Yes,4,4,8,38.0,11.34,3.35,62.11,2360.18
06/23/2020,9,Thanh Luong,1,No,3,2,6,48.0,9.14,5.25,75.0,3600.0
06/23/2020,9,Thanh Nhan,1,Yes,4,2,6,31.0,8.86,3.5,80.65,2500.15
06/23/2020,11,Thinh Liet,2,Yes,1,1,3,50.0,9.26,5.4,80.0,4000.0
06/23/2020,7,Thinh Quang,1,Yes,5,4,8,50.0,10.0,5.0,100.0,5000.0
06/23/2020,15,Thuong Dinh,1,Yes,5,4,8,33.0,9.43,3.5,100.0,3300.0
06/23/2020,15,Thuong Dinh,2,Yes,5,4,10,38.0,10.73,3.54,89.47,3399.86
06/23/2020,12,Thuong Thanh,1,Yes,3,4,8,68.0,10.46,6.5,41.18,2800.24
06/23/2020,14,Tu Lien,1,Yes,5,4,8,50.0,12.02,4.16,108.0,5400.0
06/23/2020,8,Van Quan,1,Yes,4,3,7,60.0,9.23,6.5,55.83,3349.8
06/23/2020,11,Vinh Hung,1,Yes,3,2,6,32.0,8.0,4.0,65.63,2100.16
06/23/2020,4,Vinh Phuc,1,Yes,4,4,8,40.0,11.59,3.45,86.25,3450.0
06/23/2020,9,Vinh Tuy,1,Yes,5,5,10,34.0,9.71,3.5,98.53,3350.02
06/23/2020,14,Xuan La,2,Yes,5,6,12,45.0,8.74,5.15,233.33,10499.85
06/23/2020,8,Yen Nghia,1,Yes,4,4,8,45.0,8.49,5.3,57.78,2600.1
07/02/2020,5,Co Nhue 2,1,Yes,5,3,7,30.0,10.0,3.0,983.33,29499.9
07/02/2020,4,Cong Vi,2,Yes,5,4,10,40.0,11.98,3.34,300.0,12000.0
07/02/2020,6,Dich Vong Hau,1,Yes,5,5,10,38.0,10.7,3.55,198.68,7549.84
07/02/2020,11,Giap Bat,1,Yes,6,2,6,20.0,5.0,4.0,70.0,1400.0
07/02/2020,11,Giap Bat,1,Yes,5,3,7,52.0,10.83,4.8,67.31,3500.12
07/02/2020,15,Ha Dinh,1,Yes,4,4,8,45.0,8.65,5.2,87.78,3950.1
07/02/2020,15,Khuong Mai,3,Yes,5,4,12,45.0,9.0,5.0,124.44,5599.8
07/02/2020,15,Khuong Trung,2,Yes,4,4,9,48.0,9.6,5.0,143.75,6900.0
07/02/2020,7,Lang Ha,1,Yes,6,7,12,46.0,9.2,5.0,122.83,5650.18
07/02/2020,7,Lang Thuong,1,Yes,3,3,7,36.0,10.29,3.5,69.44,2499.84
07/02/2020,11,Linh Nam,1,Yes,2,1,5,26.0,8.67,3.0,57.31,1490.06
07/02/2020,12,Long Bien,1,Yes,5,3,7,32.0,9.14,3.5,85.94,2750.08
07/02/2020,12,Long Bien,1,Yes,3,3,7,58.0,8.92,6.5,53.45,3100.1
07/02/2020,12,Long Bien,1,Yes,4,4,8,61.0,9.38,6.5,54.92,3350.12
07/02/2020,6,Mai Dich,1,Yes,4,5,10,53.0,11.78,4.5,79.25,4200.25
07/02/2020,6,Mai Dich,1,Yes,5,6,11,55.0,11.0,5.0,81.82,4500.1
07/02/2020,13,Me Tri,1,Yes,3,3,7,50.0,10.0,5.0,100.0,5000.0
07/02/2020,9,Minh Khai,1,Yes,4,3,7,35.0,10.0,3.5,74.29,2600.15
07/02/2020,9,Minh Khai,1,No,4,4,8,38.0,10.86,3.5,75.0,2850.0
07/02/2020,7,Nga Tu So,1,No,4,4,8,48.0,8.89,5.4,114.58,5499.84
07/02/2020,6,Nghia Do,1,No,5,4,8,35.0,10.0,3.5,197.14,6899.9
07/02/2020,6,Nghia Do,1,Yes,3,3,7,52.0,10.4,5.0,64.42,3349.84
07/02/2020,4,Ngoc Khanh,1,No,4,3,7,35.0,9.36,3.74,111.43,3900.05
07/02/2020,9,Nguyen Du,1,Yes,5,3,7,35.0,10.0,3.5,97.14,3399.9
07/02/2020,14,Nhat Tan,1,Yes,5,4,8,36.0,10.29,3.5,77.78,2800.08
07/02/2020,14,Nhat Tan,2,Yes,5,4,10,36.0,10.43,3.45,77.78,2800.08
07/02/2020,8,Phu Lam,3,Yes,5,5,12,35.0,9.86,3.55,68.57,2399.95
07/02/2020,7,Quang Trung,1,Yes,4,4,8,36.0,10.29,3.5,90.28,3250.08
07/02/2020,9,Quynh Loi,2,Yes,5,3,9,25.0,6.25,4.0,88.0,2200.0
07/02/2020,4,Thanh Cong,1,Yes,4,4,8,45.0,9.0,5.0,131.11,5899.95
07/02/2020,3,Thanh Liet,1,Yes,4,4,8,35.0,10.0,3.5,70.0,2450.0
07/02/2020,11,Thanh Tri,2,Yes,2,3,6,92.0,12.27,7.5,72.83,6700.36
07/02/2020,14,Thuy Khue,1,Yes,5,3,7,45.0,9.0,5.0,102.22,4599.9
07/02/2020,7,Trung Liet,1,No,4,4,8,35.0,10.0,3.5,148.57,5199.95
07/02/2020,7,Trung Liet,1,Yes,4,4,8,40.0,11.43,3.5,140.0,5600.0
07/02/2020,7,Trung Phung,1,No,3,2,6,22.0,5.5,4.0,100.0,2200.0
07/02/2020,7,Trung Phung,1,No,4,3,7,24.0,6.0,4.0,89.58,2149.92
07/02/2020,14,Tu Lien,1,Yes,4,3,7,65.0,10.0,6.5,103.85,6750.25
07/02/2020,14,Tu Lien,1,Yes,4,4,8,67.0,10.31,6.5,73.13,4899.71
07/02/2020,11,Tuong Mai,1,No,4,4,8,37.0,10.57,3.5,86.49,3200.13
07/14/2020,9,Bach Khoa,1,Yes,5,4,8,50.0,10.0,5.0,116.0,5800.0
07/14/2020,5,Co Nhue 2,1,Yes,5,6,11,51.0,10.2,5.0,111.76,5699.76
07/14/2020,11,Dai Kim,1,Yes,4,4,8,58.0,9.67,6.0,64.66,3750.28
07/14/2020,11,Dai Kim,1,No,4,4,8,65.0,10.57,6.15,69.23,4499.95
07/14/2020,11,Dinh Cong,2,Yes,4,4,9,53.0,10.6,5.0,84.91,4500.23
07/14/2020,4,Doi Can,1,Yes,3,2,6,32.0,9.14,3.5,96.88,3100.16
07/14/2020,9,Dong Tam,1,No,4,3,7,20.0,5.0,4.0,102.5,2050.0
07/14/2020,8,Ha Cau,1,Yes,4,4,8,40.0,12.7,3.15,97.5,3900.0
07/14/2020,7,Kham Thien,1,Yes,4,2,6,30.0,8.82,3.4,76.67,2300.1
07/14/2020,7,Kham Thien,1,No,3,3,7,30.0,10.0,3.0,63.33,1899.9
07/14/2020,15,Khuong Dinh,1,Yes,4,4,8,52.0,10.4,5.0,58.65,3049.8
07/14/2020,15,Khuong Dinh,1,No,4,4,8,65.0,10.0,6.5,56.92,3699.8
07/14/2020,15,Khuong Trung,1,Yes,5,3,7,43.0,8.6,5.0,115.81,4979.83
07/14/2020,12,Long Bien,1,Yes,5,4,8,35.0,10.0,3.5,65.71,2299.85
07/14/2020,5,Minh Khai,1,Yes,2,4,8,101.0,11.22,9.0,29.7,2999.7
07/14/2020,8,Mo Lao,1,No,2,1,5,23.0,5.75,4.0,86.09,1980.07
07/14/2020,8,Mo Lao,1,Yes,4,4,8,42.0,8.38,5.01,96.43,4050.06
07/14/2020,15,Nhan Chinh,1,Yes,4,3,7,48.0,9.6,5.0,79.17,3800.16
07/14/2020,7,O Cho Dua,1,Yes,4,3,7,38.0,10.86,3.5,76.32,2900.16
07/14/2020,7,Phuong Lien,1,Yes,4,3,7,30.0,8.82,3.4,83.33,2499.9
07/14/2020,15,Phuong Liet,1,No,4,2,6,29.0,9.67,3.0,86.21,2500.09
07/14/2020,6,Quan Hoa,1,Yes,5,2,6,33.0,9.43,3.5,95.45,3149.85
07/14/2020,6,Quan Hoa,1,Yes,4,3,7,41.0,8.54,4.8,80.49,3300.09
07/14/2020,6,Quan Hoa,1,Yes,5,6,11,55.0,11.0,5.0,140.0,7700.0
07/14/2020,7,Quang Trung,1,Yes,5,3,7,35.0,10.0,3.5,74.29,2600.15
07/14/2020,9,Thanh Luong,1,Yes,5,6,11,70.0,10.77,6.5,127.86,8950.2
07/14/2020,15,Thuong Dinh,1,Yes,5,3,7,36.0,10.29,3.5,93.06,3350.16
07/14/2020,7,Trung Liet,1,Yes,6,4,8,43.0,8.6,5.0,193.02,8299.86
07/14/2020,9,Truong Dinh,1,No,4,3,7,41.0,8.2,5.0,76.83,3150.03
07/14/2020,3,Van Dien,1,Yes,4,3,7,30.0,10.0,3.0,53.33,1599.9
07/14/2020,8,Van Phuc,1,Yes,5,6,11,40.0,11.43,3.5,67.5,2700.0
07/25/2020,14,Buoi,2,Yes,3,3,7,78.0,9.51,8.2,191.03,14900.34
07/25/2020,4,Cong Vi,2,Yes,7,5,13,65.0,10.0,6.5,246.15,15999.75
07/25/2020,11,Dai Kim,1,No,4,4,8,45.0,8.52,5.28,88.89,4000.05
07/25/2020,6,Dich Vong,1,No,4,3,7,32.0,8.89,3.6,184.38,5900.16
07/25/2020,4,Dien Bien Phu,1,Yes,5,3,7,32.0,9.14,3.5,248.44,7950.08
07/25/2020,11,Dinh Cong,1,Yes,5,3,7,31.0,8.86,3.5,100.0,3100.0
07/25/2020,11,Dinh Cong,1,Yes,5,3,7,44.0,8.8,5.0,65.91,2900.04
07/25/2020,4,Doi Can,1,Yes,7,5,10,65.0,10.4,6.25,253.85,16500.25
07/25/2020,9,Dong Tam,1,Yes,5,3,7,42.0,8.06,5.21,70.24,2950.08
07/25/2020,11,Hoang Van Thu,2,Yes,5,6,12,50.0,8.77,5.7,65.6,3280.0
07/25/2020,15,Khuong Mai,2,Yes,4,4,9,60.0,9.23,6.5,130.0,7800.0
07/25/2020,8,La Khe,1,Yes,3,3,7,44.0,8.8,5.0,68.18,2999.92
07/25/2020,11,Linh Nam,1,No,4,5,10,35.0,10.0,3.5,68.57,2399.95
07/25/2020,12,Long Bien,1,No,4,4,8,80.0,12.31,6.5,85.0,6800.0
07/25/2020,6,Mai Dich,2,Yes,5,6,12,46.0,8.36,5.5,105.43,4849.78
07/25/2020,9,Minh Khai,1,No,4,2,6,27.0,7.5,3.6,66.67,1800.09
07/25/2020,9,Minh Khai,1,Yes,5,3,7,32.0,10.0,3.2,93.75,3000.0
07/25/2020,9,Minh Khai,1,Yes,4,4,8,41.0,8.2,5.0,89.02,3649.82
07/25/2020,9,Minh Khai,1,Yes,2,3,7,60.0,9.68,6.2,36.5,2190.0
07/25/2020,13,My Dinh 1,1,Yes,5,3,7,40.0,12.31,3.25,66.25,2650.0
07/25/2020,12,Ngoc Lam,1,No,5,3,7,34.0,9.44,3.6,83.82,2849.88
07/25/2020,15,Nhan Chinh,2,Yes,4,4,9,110.0,12.22,9.0,168.18,18499.8
07/25/2020,15,Nhan Chinh,4,Yes,3,4,10,122.0,12.2,10.0,121.31,14799.82
07/25/2020,7,O Cho Dua,1,Yes,5,4,8,37.0,10.57,3.5,86.49,3200.13
07/25/2020,7,O Cho Dua,1,Yes,4,4,8,66.0,10.15,6.5,100.0,6600.0
07/25/2020,4,Thanh Cong,2,Yes,5,3,9,32.0,9.14,3.5,237.5,7600.0
07/25/2020,15,Thanh Xuan Trung,1,Yes,5,5,10,54.0,10.8,5.0,103.7,5599.8
07/25/2020,15,Thanh Xuan Trung,2,Yes,3,2,6,102.0,11.33,9.0,191.18,19500.36
07/25/2020,11,Thinh Liet,1,Yes,5,4,8,35.0,10.0,3.5,71.43,2500.05
07/25/2020,15,Thuong Dinh,2,Yes,5,5,11,55.0,11.0,5.0,187.27,10299.85
07/25/2020,15,Thuong Dinh,2,Yes,5,6,12,65.0,10.0,6.5,323.08,21000.2
07/25/2020,9,Truong Dinh,1,No,5,3,7,32.0,9.14,3.5,85.94,2750.08
07/25/2020,9,Truong Dinh,1,Yes,5,4,8,52.0,10.4,5.0,59.62,3100.24
07/25/2020,8,Van Quan,1,Yes,4,3,7,50.0,9.43,5.3,53.0,2650.0
07/25/2020,4,Vinh Phuc,1,Yes,5,3,7,34.0,10.3,3.3,105.88,3599.92
07/25/2020,6,Yen Hoa,1,Yes,5,4,8,41.0,8.37,4.9,148.78,6099.98
07/25/2020,6,Yen Hoa,1,Yes,5,4,8,51.0,9.62,5.3,911.76,46499.76
07/26/2020,12,Bo De,1,Yes,4,3,7,30.0,8.82,3.4,101.67,3050.1
07/26/2020,11,Hoang Van Thu,1,Yes,5,4,8,36.0,10.98,3.28,101.49,3653.64
07/26/2020,11,Hoang Van Thu,1,Yes,5,4,8,40.0,11.43,3.5,67.5,2700.0
07/26/2020,7,Kham Thien,1,No,4,2,6,25.0,6.25,4.0,54.0,1350.0
07/26/2020,7,Khuong Thuong,1,Yes,5,3,7,35.0,9.46,3.7,77.14,2699.9
07/26/2020,7,Khuong Thuong,1,Yes,4,4,8,40.0,11.56,3.46,165.0,6600.0
07/26/2020,15,Kim Giang,1,Yes,5,3,7,36.0,11.76,3.06,68.06,2450.16
07/26/2020,7,Lang Ha,1,No,5,3,7,30.0,10.0,3.0,125.0,3750.0
07/26/2020,7,Lang Ha,1,Yes,5,3,7,35.0,10.03,3.49,80.0,2800.0
07/26/2020,7,Lang Ha,1,no,5,5,10,56.0,8.62,6.5,139.09,7789.04
07/26/2020,11,Linh Nam,2,Yes,4,4,9,70.0,10.77,6.5,57.14,3999.8
07/26/2020,6,Mai Dich,2,Yes,6,6,13,50.0,10.0,5.0,200.0,10000.0
07/26/2020,9,Minh Khai,1,Yes,4,3,7,31.0,8.86,3.5,61.29,1899.99
07/26/2020,9,Minh Khai,1,Yes,4,3,7,45.0,7.83,5.75,55.56,2500.2
07/26/2020,13,My Dinh 1,2,Yes,5,4,10,40.0,12.01,3.33,90.0,3600.0
07/26/2020,12,Ngoc Thuy,1,Yes,4,5,10,36.0,10.29,3.5,82.78,2980.08
07/26/2020,8,Phu La,2,Yes,5,4,10,50.0,10.0,5.0,108.0,5400.0
07/26/2020,7,Quang Trung,1,No,5,3,7,31.0,7.95,3.9,93.55,2900.05
07/26/2020,11,Tan Mai,1,Yes,5,6,11,45.0,9.0,5.0,72.22,3249.9
07/26/2020,9,Thanh Nhan,1,Yes,5,4,8,35.0,10.0,3.5,104.29,3650.15
07/26/2020,11,Thinh Liet,3,Yes,5,5,13,63.0,9.69,6.5,125.4,7900.2
07/26/2020,7,Thinh Quang,2,Yes,5,4,10,30.0,10.0,3.0,176.67,5300.1
07/26/2020,7,Thinh Quang,1,Yes,4,4,8,34.0,9.44,3.6,202.94,6899.96
07/26/2020,14,Thuy Khue,1,Yes,6,4,8,40.0,12.01,3.33,113.75,4550.0
07/26/2020,6,Yen Hoa,1,Yes,5,4,8,33.0,9.43,3.5,100.0,3300.0
07/26/2020,6,Yen Hoa,1,Yes,4,4,8,73.0,11.23,6.5,79.45,5799.85
07/26/2020,11,Yen So,1,No,4,3,7,35.0,10.0,3.5,71.43,2500.05
07/27/2020,9,Bach Mai,1,Yes,5,4,8,40.0,11.43,3.5,62.5,2500.0
07/27/2020,4,Doi Can,1,Yes,4,3,7,45.0,9.0,5.0,60.0,2700.0
07/27/2020,11,Hoang Van Thu,1,No,5,3,7,35.0,10.0,3.5,71.43,2500.05
07/27/2020,15,Khuong Trung,1,Yes,3,4,8,57.0,8.77,6.5,124.56,7099.92
07/27/2020,15,Khuong Trung,2,Yes,7,6,14,75.0,9.09,8.25,130.67,9800.25
07/27/2020,15,Khuong Trung,1,Yes,4,3,7,100.0,14.04,7.12,55.0,5500.0
07/27/2020,8,Kien Hung,3,Yes,3,3,8,53.0,10.6,5.0,84.64,4485.92
07/27/2020,4,Kim Ma,1,Yes,4,3,7,40.0,12.01,3.33,100.0,4000.0
07/27/2020,12,Long Bien,1,Yes,6,4,8,46.0,7.08,6.5,107.61,4950.06
07/27/2020,12,Long Bien,1,No,4,4,8,50.0,10.14,4.93,52.0,2600.0
07/27/2020,9,Minh Khai,1,No,4,3,7,31.0,8.86,3.5,62.9,1949.9
07/27/2020,9,Minh Khai,1,Yes,4,4,8,60.0,8.7,6.9,65.0,3900.0
07/27/2020,7,Nam Dong,1,Yes,4,4,8,48.0,9.6,5.0,73.96,3550.08
07/27/2020,7,Nga Tu So,1,No,5,3,7,32.0,9.14,3.5,131.25,4200.0
07/27/2020,7,Nga Tu So,1,Yes,6,5,10,60.0,9.23,6.5,95.83,5749.8
07/27/2020,6,Quan Hoa,2,Yes,3,3,7,56.0,8.62,6.5,332.14,18599.84
07/27/2020,8,Quang Trung,2,Yes,4,3,8,45.0,9.0,5.0,74.44,3349.8
07/27/2020,7,Quoc Tu Giam,1,Yes,5,3,7,30.0,10.0,3.0,83.33,2499.9
07/27/2020,7,Quoc Tu Giam,1,Yes,4,4,8,55.0,13.75,4.0,72.73,4000.15
07/27/2020,11,Tan Mai,2,Yes,4,4,9,50.0,8.05,6.21,92.0,4600.0
07/27/2020,15,Thanh Xuan Nam,2,Yes,4,4,9,55.0,11.0,5.0,100.0,5500.0
07/27/2020,13,Trung Van,2,Yes,4,4,9,90.0,12.0,7.5,83.33,7499.7
07/27/2020,6,Yen Hoa,2,Yes,5,4,10,55.0,11.0,5.0,170.0,9350.0
07/28/2020,14,Buoi,1,Yes,5,4,8,45.0,7.5,6.0,111.11,4999.95
07/28/2020,7,Cat Linh,1,No,4,3,7,25.0,6.58,3.8,76.0,1900.0
07/28/2020,4,Cong Vi,2,Yes,7,1,9,60.0,9.23,6.5,275.0,16500.0
07/28/2020,6,Dich Vong,1,No,4,6,11,32.0,8.89,3.6,100.0,3200.0
07/28/2020,4,Doi Can,2,Yes,3,2,6,41.0,8.2,5.0,153.66,6300.06
07/28/2020,8,Duong Noi,1,No,4,3,7,40.0,11.43,3.5,45.0,1800.0
07/28/2020,11,Giap Bat,2,Yes,5,4,10,42.0,8.4,5.0,67.86,2850.12
07/28/2020,8,Ha Cau,1,Yes,5,4,8,40.0,11.43,3.5,50.0,2000.0
07/28/2020,11,Hoang Van Thu,1,Yes,5,4,8,40.0,11.2,3.57,70.0,2800.0
07/28/2020,11,Hoang Van Thu,1,Yes,5,3,7,40.0,11.43,3.5,68.75,2750.0
07/28/2020,15,Khuong Dinh,1,Yes,5,3,7,43.0,7.41,5.8,56.98,2450.14
07/28/2020,15,Khuong Mai,1,No,5,5,10,49.0,8.91,5.5,114.29,5600.21
07/28/2020,2,Kim Chung,1,Yes,5,4,8,45.0,9.0,5.0,46.67,2100.15
07/28/2020,7,Lang Ha,1,Yes,4,3,7,34.0,9.69,3.51,86.76,2949.84
07/28/2020,6,Mai Dich,1,Yes,5,3,7,40.0,11.59,3.45,80.0,3200.0
07/28/2020,6,Nghia Tan,1,Yes,5,6,11,50.0,10.0,5.0,102.0,5100.0
07/28/2020,15,Nhan Chinh,1,Yes,6,3,7,30.0,10.0,3.0,131.67,3950.1
07/28/2020,8,Phu La,2,Yes,7,6,14,60.0,9.52,6.3,183.33,10999.8
07/28/2020,11,Tan Mai,1,No,4,4,8,54.0,10.8,5.0,105.56,5700.24
07/28/2020,3,Thanh Liet,1,Yes,4,3,7,35.0,10.0,3.5,72.86,2550.1
07/28/2020,11,Thinh Liet,1,Yes,5,3,7,40.0,11.9,3.36,75.0,3000.0
07/28/2020,14,Thuy Khue,1,Yes,6,3,7,42.0,8.4,5.0,154.76,6499.92
07/28/2020,7,Trung Tu,2,Yes,5,4,10,40.0,11.43,3.5,87.5,3500.0
07/28/2020,4,Vinh Phuc,1,Yes,5,3,7,32.0,9.14,3.5,90.31,2889.92
07/28/2020,6,Yen Hoa,1,Yes,5,4,8,34.0,8.72,3.9,108.82,3699.88
07/29/2020,9,Bach Mai,1,Yes,4,4,8,35.0,9.51,3.68,108.57,3799.95
07/29/2020,9,Bach Mai,1,No,4,4,8,50.0,10.0,5.0,90.0,4500.0
07/29/2020,9,Bach Mai,1,Yes,3,3,7,51.0,10.2,5.0,52.94,2699.94
07/29/2020,12,Bo De,2,Yes,5,2,8,55.0,11.0,5.0,106.36,5849.8
07/29/2020,14,Buoi,1,Yes,4,4,8,33.0,10.65,3.1,90.91,3000.03
07/29/2020,13,Cau Dien,2,Yes,2,2,5,40.0,12.01,3.33,85.0,3400.0
07/29/2020,4,Cong Vi,1,No,5,3,7,25.0,6.25,4.0,96.0,2400.0
07/29/2020,4,Cong Vi,1,No,5,3,7,26.0,8.13,3.2,91.92,2389.92
07/29/2020,1,Da Ton,1,Yes,4,3,7,48.0,8.89,5.4,38.54,1849.92
07/29/2020,11,Dinh Cong,1,Yes,5,3,7,46.0,8.85,5.2,67.39,3099.94
07/29/2020,11,Dinh Cong,1,No,5,3,7,49.0,9.8,5.0,63.27,3100.23
07/29/2020,4,Doi Can,1,No,5,4,8,28.0,8.36,3.35,100.0,2800.0
07/29/2020,4,Doi Can,1,Yes,5,3,7,35.0,9.97,3.51,128.57,4499.95
07/29/2020,9,Dong Mac,1,Yes,5,5,10,45.0,7.76,5.8,157.78,7100.1
07/29/2020,9,Dong Tam,2,Yes,5,5,11,70.0,10.77,6.5,214.29,15000.3
07/29/2020,8,Duong Noi,1,No,5,4,8,35.0,9.43,3.71,65.71,2299.85
07/29/2020,12,Gia Thuy,2,Yes,5,3,9,34.0,10.27,3.31,88.24,3000.16
07/29/2020,15,Ha Dinh,1,No,5,3,7,32.0,8.89,3.6,84.38,2700.16
07/29/2020,7,Kham Thien,1,Yes,4,3,7,32.0,8.21,3.9,85.94,2750.08
07/29/2020,7,Kham Thien,1,Yes,2,2,6,40.0,11.43,3.5,52.5,2100.0
07/29/2020,15,Khuong Trung,1,Yes,4,3,7,30.0,10.0,3.0,75.0,2250.0
07/29/2020,15,Khuong Trung,1,No,4,3,7,35.0,9.72,3.6,77.14,2699.9
07/29/2020,15,Khuong Trung,1,Yes,3,3,7,40.0,10.9,3.67,62.5,2500.0
07/29/2020,15,Khuong Trung,2,Yes,5,6,12,50.0,10.0,5.0,128.0,6400.0
07/29/2020,15,Khuong Trung,1,Yes,5,6,11,50.0,8.62,5.8,128.0,6400.0
07/29/2020,4,Kim Ma,1,No,5,3,7,23.0,5.75,4.0,100.0,2300.0
07/29/2020,8,La Khe,1,Yes,5,3,7,33.0,9.43,3.5,66.67,2200.11
07/29/2020,8,La Khe,1,Yes,5,4,8,33.0,9.43,3.5,62.12,2049.96
07/29/2020,8,La Khe,1,Yes,5,4,8,34.0,9.71,3.5,72.06,2450.04
07/29/2020,8,La Khe,1,Yes,5,4,8,34.0,9.71,3.5,66.18,2250.12
07/29/2020,8,La Khe,1,No,4,4,8,36.0,10.29,3.5,66.67,2400.12
07/29/2020,8,La Khe,1,Yes,3,2,6,41.0,8.2,5.0,53.66,2200.06
07/29/2020,2,La Phu,1,Yes,3,3,7,33.0,9.12,3.62,40.91,1350.03
07/29/2020,7,Lang Ha,1,Yes,6,3,7,34.0,9.71,3.5,100.0,3400.0
07/29/2020,7,Lang Thuong,1,Yes,4,3,7,32.0,9.14,3.5,76.56,2449.92
07/29/2020,9,Le Dai Hanh,2,Yes,7,5,13,70.0,10.77,6.5,214.29,15000.3
07/29/2020,4,Lieu Giai,1,Yes,4,4,8,35.0,10.0,3.5,85.71,2999.85
07/29/2020,11,Linh Nam,1,Yes,4,6,11,40.0,11.43,3.5,62.5,2500.0
07/29/2020,11,Linh Nam,1,Yes,3,4,8,80.0,10.36,7.72,47.5,3800.0
07/29/2020,12,Long Bien,1,Yes,3,3,7,64.0,9.85,6.5,60.16,3850.24
07/29/2020,6,Mai Dich,2,Yes,5,3,9,56.0,8.62,6.5,81.25,4550.0
07/29/2020,9,Minh Khai,2,Yes,5,3,9,33.0,9.94,3.32,130.3,4299.9
07/29/2020,9,Minh Khai,1,Yes,5,4,8,40.0,11.43,3.5,150.0,6000.0
07/29/2020,9,Minh Khai,1,No,5,4,8,67.0,10.31,6.5,41.79,2799.93
07/29/2020,9,Minh Khai,1,Yes,4,4,8,67.0,10.31,6.5,41.79,2799.93
07/29/2020,9,Minh Khai,2,Yes,3,3,7,67.0,10.31,6.5,41.79,2799.93
07/29/2020,13,My Dinh 1,2,Yes,5,4,10,35.0,10.0,3.5,85.71,2999.85
07/29/2020,13,My Dinh 1,1,Yes,5,6,11,40.0,11.59,3.45,90.0,3600.0
07/29/2020,6,Nghia Do,1,No,5,6,11,52.0,10.0,5.2,74.04,3850.08
07/29/2020,4,Ngoc Ha,2,Yes,6,2,9,52.0,10.4,5.0,157.69,8199.88
07/29/2020,3,Ngoc Hoi,1,No,4,3,7,30.0,7.5,4.0,53.33,1599.9
07/29/2020,12,Ngoc Thuy,2,Yes,5,4,10,48.0,9.6,5.0,85.42,4100.16
07/29/2020,12,Ngoc Thuy,1,Yes,4,4,8,55.0,11.0,5.0,69.09,3799.95
07/29/2020,15,Nhan Chinh,1,Yes,5,4,8,45.0,8.33,5.4,108.89,4900.05
07/29/2020,14,Nhat Tan,2,Yes,4,4,9,40.0,11.43,3.5,80.0,3200.0
07/29/2020,8,Phu La,3,Yes,4,6,12,126.0,12.45,10.12,73.25,9229.5
07/29/2020,14,Phu Thuong,2,Yes,4,3,8,35.0,10.0,3.5,88.57,3099.95
07/29/2020,12,Phuc Dong,1,Yes,5,4,8,36.0,10.29,3.5,88.89,3200.04
07/29/2020,8,Phuc La,1,Yes,5,4,8,38.0,10.03,3.79,96.05,3649.9
07/29/2020,10,Phuc Tan,1,No,3,3,7,20.0,4.76,4.2,49.95,999.0
07/29/2020,15,Phuong Liet,1,Yes,4,6,11,42.0,8.09,5.19,100.0,4200.0
07/29/2020,6,Quan Hoa,1,Yes,4,4,8,32.0,9.14,3.5,101.56,3249.92
07/29/2020,6,Quan Hoa,1,Yes,6,5,10,40.0,11.43,3.5,145.0,5800.0
07/29/2020,4,Quan Thanh,1,Yes,5,3,7,32.0,9.14,3.5,140.63,4500.16
07/29/2020,14,Quang An,2,Yes,2,4,7,68.0,10.46,6.5,485.29,32999.72
07/29/2020,8,Quang Trung,3,Yes,5,4,9,44.2,8.19,5.4,129.55,5726.11
07/29/2020,11,Tan Mai,1,Yes,5,6,11,38.0,10.92,3.48,89.47,3399.86
07/29/2020,11,Tan Mai,2,Yes,5,6,12,52.0,10.4,5.0,109.62,5700.24
07/29/2020,9,Thanh Luong,1,Yes,4,4,8,39.0,11.14,3.5,73.08,2850.12
07/29/2020,15,Thanh Xuan Trung,1,Yes,4,3,7,38.0,10.89,3.49,140.79,5350.02
07/29/2020,7,Thinh Quang,1,Yes,5,4,8,32.0,9.14,3.5,92.19,2950.08
07/29/2020,7,Thinh Quang,1,Yes,4,4,8,45.0,9.0,5.0,95.56,4300.2
07/29/2020,14,Thuy Khue,1,Yes,5,5,10,50.0,10.0,5.0,124.0,6200.0
07/29/2020,14,Thuy Khue,1,No,5,4,8,55.0,11.0,5.0,161.82,8900.1
07/29/2020,14,Thuy Khue,2,Yes,2,4,7,68.0,10.46,6.5,485.29,32999.72
07/29/2020,6,Trung Hoa,1,Yes,5,5,10,55.0,11.0,5.0,113.64,6250.2
07/29/2020,7,Trung Phung,1,Yes,4,3,7,36.0,10.29,3.5,83.33,2999.88
07/29/2020,7,Trung Phung,2,Yes,4,5,10,50.0,10.68,4.68,166.0,8300.0
07/29/2020,7,Trung Tu,2,Yes,5,4,10,40.0,10.81,3.7,85.0,3400.0
07/29/2020,13,Trung Van,1,Yes,4,3,7,30.0,10.0,3.0,93.33,2799.9
07/29/2020,9,Truong Dinh,1,Yes,4,4,8,41.0,8.01,5.12,73.17,2999.97
07/29/2020,11,Tuong Mai,1,Yes,2,2,6,30.0,7.69,3.9,27.67,830.1
07/29/2020,7,Van Chuong,1,Yes,2,2,6,30.0,10.0,3.0,73.33,2199.9
07/29/2020,8,Van Phuc,1,No,5,4,8,35.0,10.0,3.5,63.14,2209.9
07/29/2020,8,Van Phuc,1,Yes,4,4,8,35.0,10.0,3.5,71.43,2500.05
07/29/2020,8,Van Phuc,1,Yes,5,4,8,36.0,10.29,3.5,66.67,2400.12
07/29/2020,8,Van Phuc,1,Yes,4,4,8,36.0,10.03,3.59,75.0,2700.0
07/29/2020,8,Van Quan,1,Yes,5,3,7,35.0,10.0,3.5,64.29,2250.15
07/29/2020,8,Van Quan,3,Yes,5,4,11,96.0,12.8,7.5,109.38,10500.48
07/29/2020,6,Yen Hoa,1,Yes,4,3,7,34.0,9.19,3.7,98.53,3350.02
07/29/2020,6,Yen Hoa,1,Yes,5,4,8,44.0,8.8,5.0,261.36,11499.84
07/29/2020,8,Yen Nghia,1,Yes,4,5,10,32.0,9.14,3.5,53.13,1700.16
07/29/2020,14,Yen Phu,2,Yes,3,3,7,86.0,10.75,8.0,296.51,25499.86
07/30/2020,9,Bach Mai,2,Yes,5,4,10,51.0,10.2,5.0,58.82,2999.82
07/30/2020,12,Bo De,1,Yes,5,5,10,58.0,9.67,6.0,62.07,3600.06
07/30/2020,14,Buoi,1,Yes,6,4,8,40.0,12.01,3.33,101.25,4050.0
07/30/2020,11,Dinh Cong,1,Yes,4,2,6,43.0,8.6,5.0,41.86,1799.98
07/30/2020,11,Hoang Van Thu,1,Yes,5,4,8,28.0,9.33,3.0,85.71,2399.88
07/30/2020,11,Hoang Van Thu,2,Yes,4,4,9,56.0,8.62,6.5,89.29,5000.24
07/30/2020,11,Hoang Van Thu,1,No,5,5,10,60.0,9.23,6.5,65.83,3949.8
07/30/2020,11,Hoang Van Thu,1,Yes,5,6,11,65.0,10.0,6.5,60.77,3950.05
07/30/2020,7,Kham Thien,1,No,4,3,7,28.0,7.57,3.7,118.93,3330.04
07/30/2020,7,Kham Thien,1,Yes,5,4,8,34.0,9.71,3.5,86.76,2949.84
07/30/2020,15,Khuong Dinh,1,Yes,5,5,10,46.0,9.2,5.0,147.83,6800.18
07/30/2020,15,Khuong Trung,1,No,4,3,7,26.0,8.67,3.0,86.54,2250.04
07/30/2020,15,Khuong Trung,1,Yes,5,8,15,33.0,9.43,3.5,136.36,4499.88
07/30/2020,15,Khuong Trung,2,Yes,4,2,7,37.0,10.05,3.68,80.81,2989.97
07/30/2020,15,Kim Giang,1,Yes,5,4,8,36.0,10.29,3.5,102.78,3700.08
07/30/2020,8,La Khe,1,Yes,1,1,5,35.0,10.0,3.5,75.71,2649.85
07/30/2020,8,La Khe,1,No,4,3,7,40.0,11.43,3.5,86.25,3450.0
07/30/2020,11,Mai Dong,1,Yes,4,5,10,42.0,8.4,5.0,50.0,2100.0
07/30/2020,9,Minh Khai,1,Yes,4,2,6,30.0,10.0,3.0,55.0,1650.0
07/30/2020,8,Mo Lao,1,No,5,4,8,20.0,5.0,4.0,105.0,2100.0
07/30/2020,8,Mo Lao,1,No,4,2,6,28.0,9.33,3.0,76.79,2150.12
07/30/2020,13,My Dinh 1,4,Yes,4,7,15,140.0,14.0,10.0,175.0,24500.0
07/30/2020,7,O Cho Dua,1,Yes,5,3,7,30.0,10.0,3.0,153.33,4599.9
07/30/2020,7,Phuong Mai,1,Yes,4,4,8,36.0,10.29,3.5,94.44,3399.84
07/30/2020,9,Quynh Mai,2,Yes,4,4,9,36.0,10.29,3.5,205.56,7400.16
07/30/2020,11,Tan Mai,1,Yes,5,3,7,38.0,10.86,3.5,56.58,2150.04
07/30/2020,11,Thanh Tri,1,Yes,4,4,8,80.0,12.31,6.5,73.75,5900.0
07/30/2020,14,Thuy Khue,1,No,6,4,8,30.0,8.33,3.6,140.0,4200.0
07/30/2020,8,Van Phuc,1,No,3,2,6,23.0,5.75,4.0,76.09,1750.07
07/30/2020,8,Van Quan,3,Yes,4,6,14,112.0,12.44,9.0,104.29,11680.48
07/30/2020,4,Vinh Phuc,1,Yes,4,3,7,33.0,9.43,3.5,85.76,2830.08
07/30/2020,5,Xuan Dinh,1,Yes,5,3,7,30.0,9.62,3.12,98.33,2949.9
07/30/2020,5,Xuan Dinh,1,Yes,5,6,11,38.0,10.86,3.5,71.05,2699.9
07/30/2020,6,Yen Hoa,1,No,5,4,8,50.0,11.52,4.34,95.0,4750.0
07/31/2020,9,Bach Dang,1,Yes,3,4,8,50.0,10.0,5.0,55.0,2750.0
07/31/2020,9,Bach Mai,2,Yes,8,7,16,136.0,13.6,10.0,235.29,31999.44
07/31/2020,12,Bo De,1,No,5,3,7,40.0,11.43,3.5,86.25,3450.0
07/31/2020,4,Cong Vi,1,Yes,5,5,10,50.0,10.0,5.0,132.0,6600.0
07/31/2020,8,Duong Noi,2,Yes,4,3,8,38.0,11.31,3.36,59.74,2270.12
07/31/2020,7,Khuong Thuong,2,Yes,5,6,12,45.0,9.18,4.9,182.22,8199.9
07/31/2020,8,Kien Hung,1,Yes,5,4,8,33.0,9.43,3.5,60.61,2000.13
07/31/2020,4,Kim Ma,1,No,5,4,8,20.0,4.76,4.2,135.0,2700.0
07/31/2020,7,Lang Ha,1,Yes,5,4,8,35.0,8.86,3.95,122.86,4300.1
07/31/2020,9,Le Dai Hanh,2,Yes,5,4,10,35.0,10.0,3.5,125.71,4399.85
07/31/2020,11,Linh Nam,1,Yes,3,4,8,36.0,10.29,3.5,58.33,2099.88
07/31/2020,13,Me Tri,1,Yes,5,3,7,33.0,9.43,3.5,81.82,2700.06
07/31/2020,13,My Dinh 1,4,Yes,4,8,19,138.0,13.53,10.2,176.81,24399.78
07/31/2020,7,Nga Tu So,2,Yes,5,3,9,30.0,10.0,3.0,173.33,5199.9
07/31/2020,6,Nghia Do,1,Yes,6,4,8,35.0,10.39,3.37,85.71,2999.85
07/31/2020,12,Ngoc Thuy,1,Yes,4,4,8,31.7,9.06,3.5,75.81,2403.177
07/31/2020,7,O Cho Dua,2,No,4,4,9,22.0,5.5,4.0,222.73,4900.06
07/31/2020,7,O Cho Dua,1,Yes,5,3,7,32.0,9.14,3.5,104.69,3350.08
07/31/2020,7,O Cho Dua,2,Yes,4,3,8,45.0,9.0,5.0,488.89,22000.05
07/31/2020,8,Phu Lam,1,Yes,3,3,7,33.0,10.56,3.13,49.39,1629.87
07/31/2020,4,Phuc Xa,2,Yes,3,4,8,50.0,10.0,5.0,103.0,5150.0
07/31/2020,11,Tan Mai,1,No,5,4,8,30.0,10.0,3.0,100.0,3000.0
07/31/2020,7,Trung Tu,1,No,5,4,8,34.0,10.18,3.34,117.65,4000.1
07/31/2020,11,Tuong Mai,1,No,4,4,8,30.0,7.25,4.14,96.0,2880.0
07/31/2020,8,Van Quan,1,No,5,4,8,35.0,10.0,3.5,88.57,3099.95
07/31/2020,5,Xuan Dinh,1,Yes,5,3,7,30.0,10.0,3.0,96.67,2900.1
07/31/2020,14,Xuan La,1,Yes,4,4,8,50.0,10.0,5.0,100.0,5000.0
08/01/2020,9,Bach Khoa,1,Yes,3,4,8,50.0,10.0,5.0,62.0,3100.0
08/01/2020,9,Bach Mai,1,No,4,2,6,25.0,8.06,3.1,78.0,1950.0
08/01/2020,9,Bach Mai,2,Yes,5,6,12,70.0,10.77,6.5,107.14,7499.8
08/01/2020,14,Buoi,1,Yes,5,3,7,44.0,7.86,5.6,106.82,4700.08
08/01/2020,5,Co Nhue 1,2,Yes,2,2,5,45.0,9.0,5.0,60.0,2700.0
08/01/2020,5,Co Nhue 2,2,Yes,2,2,5,45.0,8.04,5.6,60.0,2700.0
08/01/2020,5,Co Nhue 2,1,Yes,4,4,8,50.0,8.33,6.0,59.0,2950.0
08/01/2020,4,Cong Vi,1,Yes,4,4,8,46.0,9.2,5.0,105.43,4849.78
08/01/2020,11,Dai Kim,1,Yes,5,3,7,30.0,10.0,3.0,103.33,3099.9
08/01/2020,11,Dai Kim,1,Yes,5,3,7,30.0,10.0,3.0,103.33,3099.9
08/01/2020,11,Dai Kim,1,Yes,6,3,7,35.0,10.0,3.5,70.0,2450.0
08/01/2020,11,Dai Kim,1,No,6,6,11,35.0,9.33,3.75,70.0,2450.0
08/01/2020,11,Dai Kim,1,No,5,4,8,35.0,10.0,3.5,68.57,2399.95
08/01/2020,6,Dich Vong Hau,1,Yes,4,4,8,40.0,11.43,3.5,82.5,3300.0
08/01/2020,6,Dich Vong Hau,1,Yes,5,4,8,40.0,12.16,3.29,93.75,3750.0
08/01/2020,11,Dinh Cong,1,Yes,2,2,6,32.3,9.23,3.5,71.88,2321.724
08/01/2020,11,Dinh Cong,1,Yes,5,4,8,35.0,10.0,3.5,57.14,1999.9
08/01/2020,11,Dinh Cong,1,Yes,4,4,8,52.0,10.4,5.0,70.19,3649.88
08/01/2020,12,Duc Giang,2,Yes,5,5,11,52.0,10.4,5.0,114.42,5949.84
08/01/2020,12,Duc Giang,4,Yes,5,5,13,58.0,8.92,6.5,102.59,5950.22
08/01/2020,11,Giap Bat,1,No,5,5,10,50.0,8.62,5.8,76.0,3800.0
08/01/2020,8,Ha Cau,2,Yes,5,3,9,35.0,10.0,3.5,75.71,2649.85
08/01/2020,10,Hang Bai,2,Yes,4,4,9,43.0,8.11,5.3,395.35,17000.05
08/01/2020,7,Hang Bot,1,Yes,4,3,7,33.0,9.43,3.5,69.7,2300.1
08/01/2020,7,Hang Bot,1,Yes,4,4,8,55.0,11.0,5.0,72.73,4000.15
08/01/2020,11,Hoang Liet,1,Yes,5,4,8,30.0,8.82,3.4,116.67,3500.1
08/01/2020,11,Hoang Liet,4,Yes,4,6,15,234.0,19.5,12.0,93.12,21790.08
08/01/2020,11,Hoang Van Thu,1,Yes,5,4,8,35.0,10.0,3.5,94.29,3300.15
08/01/2020,11,Hoang Van Thu,1,Yes,5,4,8,35.0,10.64,3.29,94.29,3300.15
08/01/2020,7,Kham Thien,2,Yes,3,3,7,70.0,10.77,6.5,94.29,6600.3
08/01/2020,15,Khuong Dinh,1,No,5,3,7,35.0,10.0,3.5,92.29,3230.15
08/01/2020,15,Khuong Mai,2,Yes,4,4,9,43.0,8.6,5.0,97.67,4199.81
08/01/2020,15,Khuong Mai,1,Yes,5,4,8,65.0,10.0,6.5,72.31,4700.15
08/01/2020,15,Khuong Trung,1,No,4,4,8,28.0,7.37,3.8,78.57,2199.96
08/01/2020,15,Khuong Trung,1,Yes,4,4,8,43.0,8.27,5.2,123.02,5289.86
08/01/2020,15,Khuong Trung,1,Yes,5,3,7,48.0,9.6,5.0,129.17,6200.16
08/01/2020,15,Khuong Trung,1,Yes,4,6,11,60.0,9.23,6.5,130.0,7800.0
08/01/2020,8,Kien Hung,2,Yes,5,5,11,35.0,9.19,3.81,114.29,4000.15
08/01/2020,2,Kim Chung,1,Yes,3,2,6,34.0,9.71,3.5,43.47,1477.98
08/01/2020,15,Kim Giang,1,Yes,6,3,7,31.0,7.93,3.91,79.03,2449.93
08/01/2020,15,Kim Giang,1,Yes,4,4,8,32.0,9.14,3.5,85.94,2750.08
08/01/2020,15,Kim Giang,1,No,6,4,8,35.0,10.0,3.5,67.71,2369.85
08/01/2020,7,Kim Lien,1,Yes,4,4,8,52.0,10.4,5.0,76.92,3999.84
08/01/2020,8,La Khe,1,Yes,4,3,7,30.0,9.09,3.3,86.67,2600.1
08/01/2020,8,La Khe,1,No,4,3,7,35.0,10.0,3.5,71.43,2500.05
08/01/2020,8,La Khe,3,Yes,5,4,8,55.0,11.0,5.0,99.09,5449.95
08/01/2020,7,Lang Ha,1,Yes,5,3,7,35.0,10.0,3.5,155.71,5449.85
08/01/2020,7,Lang Thuong,1,Yes,4,4,8,40.0,10.58,3.78,73.25,2930.0
08/01/2020,11,Linh Nam,1,No,5,4,8,33.0,9.43,3.5,72.73,2400.09
08/01/2020,11,Linh Nam,1,Yes,5,3,7,34.0,10.0,3.4,61.76,2099.84
08/01/2020,11,Linh Nam,1,No,6,9,16,50.0,10.0,5.0,94.0,4700.0
08/01/2020,12,Long Bien,1,Yes,5,4,8,40.0,11.43,3.5,65.0,2600.0
08/01/2020,12,Long Bien,1,Yes,4,6,11,55.0,11.0,5.0,98.18,5399.9
08/01/2020,6,Mai Dich,1,Yes,5,4,8,61.0,9.38,6.5,68.85,4199.85
08/01/2020,11,Mai Dong,1,No,4,4,8,32.0,9.14,3.5,71.88,2300.16
08/01/2020,13,My Dinh 1,2,Yes,5,4,10,54.0,11.25,4.8,87.04,4700.16
08/01/2020,13,My Dinh 2,1,Yes,5,5,10,40.0,11.43,3.5,85.0,3400.0
08/01/2020,7,Nam Dong,1,Yes,5,4,8,35.0,9.07,3.86,95.71,3349.85
08/01/2020,6,Nghia Do,1,Yes,5,3,7,30.0,10.34,2.9,106.67,3200.1
08/01/2020,12,Ngoc Thuy,1,No,5,4,8,42.6,8.52,5.0,69.05,2941.53
08/01/2020,8,Nguyen Trai,2,Yes,4,4,9,100.0,13.33,7.5,145.0,14500.0
08/01/2020,7,O Cho Dua,2,Yes,5,4,10,60.0,9.23,6.5,448.33,26899.8
08/01/2020,8,Phu Lam,1,Yes,4,3,7,31.0,8.86,3.5,48.39,1500.09
08/01/2020,14,Phu Thuong,1,Yes,5,6,11,40.0,12.01,3.33,71.25,2850.0
08/01/2020,5,Phuc Dien,1,Yes,4,4,8,37.0,10.57,3.5,75.68,2800.16
08/01/2020,12,Phuc Loi,1,Yes,4,2,6,30.0,9.38,3.2,60.67,1820.1
08/01/2020,7,Phuong Mai,2,Yes,8,5,14,46.0,9.2,5.0,234.78,10799.88
08/01/2020,8,Quang Trung,1,Yes,5,4,8,52.0,11.3,4.6,64.42,3349.84
08/01/2020,9,Quynh Loi,2,Yes,4,4,9,45.0,8.59,5.24,66.67,3000.15
08/01/2020,11,Tan Mai,1,No,5,4,8,32.0,9.12,3.51,89.06,2849.92
08/01/2020,12,Thach Ban,1,Yes,5,3,7,30.0,10.0,3.0,76.67,2300.1
08/01/2020,12,Thach Ban,2,Yes,5,4,10,38.0,10.83,3.51,105.26,3999.88
08/01/2020,12,Thach Ban,1,Yes,5,4,8,40.0,11.43,3.5,85.5,3420.0
08/01/2020,3,Thanh Liet,1,No,4,4,8,39.0,11.11,3.51,74.62,2910.18
08/01/2020,9,Thanh Luong,1,Yes,5,4,8,36.0,12.0,3.0,97.22,3499.92
08/01/2020,15,Thanh Xuan Nam,2,Yes,4,5,10,44.0,8.8,5.0,81.82,3600.08
08/01/2020,11,Thinh Liet,1,Yes,5,3,7,30.0,10.0,3.0,88.33,2649.9
08/01/2020,11,Thinh Liet,1,Yes,5,6,11,37.0,11.11,3.33,97.3,3600.1
08/01/2020,11,Thinh Liet,1,Yes,4,4,8,42.0,8.4,5.0,67.86,2850.12
08/01/2020,11,Thinh Liet,1,Yes,5,4,8,43.0,8.6,5.0,93.02,3999.86
08/01/2020,7,Thinh Quang,2,No,5,4,10,28.0,9.33,3.0,189.29,5300.12
08/01/2020,12,Thuong Thanh,2,Yes,5,6,12,45.0,9.0,5.0,60.0,2700.0
08/01/2020,14,Thuy Khue,2,Yes,6,8,15,38.0,10.86,3.5,128.95,4900.1
08/01/2020,6,Trung Hoa,2,Yes,4,4,9,42.0,8.4,5.0,273.81,11500.02
08/01/2020,6,Trung Hoa,2,Yes,4,4,9,42.0,8.35,5.03,273.81,11500.02
08/01/2020,7,Trung Liet,1,Yes,5,4,8,42.0,7.71,5.45,133.33,5599.86
08/01/2020,13,Trung Van,2,Yes,4,4,9,58.0,8.92,6.5,115.52,6700.16
08/01/2020,9,Truong Dinh,1,Yes,5,5,10,50.0,12.5,4.0,84.0,4200.0
08/01/2020,2,Van Canh,1,No,4,3,7,34.0,9.71,3.5,54.41,1849.94
08/01/2020,7,Van Chuong,1,Yes,4,4,8,36.0,10.29,3.5,63.89,2300.04
08/01/2020,7,Van Chuong,1,Yes,5,4,8,50.0,10.0,5.0,170.0,8500.0
08/01/2020,8,Van Phuc,1,No,5,3,7,33.0,9.43,3.5,66.67,2200.11
08/01/2020,8,Van Quan,1,Yes,4,3,7,35.0,10.51,3.33,71.43,2500.05
08/01/2020,8,Van Quan,2,Yes,5,4,10,37.0,10.57,3.5,116.22,4300.14
08/01/2020,8,Van Quan,1,No,4,3,7,38.0,10.86,3.5,70.0,2660.0
08/01/2020,8,Van Quan,3,Yes,5,6,12,90.0,11.69,7.7,95.56,8600.4
08/01/2020,5,Xuan Dinh,1,Yes,5,3,7,35.0,9.8,3.57,74.29,2600.15
08/01/2020,14,Xuan La,1,Yes,5,3,7,30.0,10.0,3.0,110.0,3300.0
08/01/2020,14,Xuan La,1,Yes,5,7,12,45.0,9.0,5.0,84.44,3799.8
08/01/2020,14,Xuan La,1,Yes,5,6,11,72.0,11.08,6.5,111.11,7999.92
08/01/2020,6,Yen Hoa,1,No,4,4,8,98.0,12.89,7.6,77.55,7599.9
08/01/2020,14,Yen Phu,2,Yes,6,4,11,51.0,10.2,5.0,245.1,12500.1
08/01/2020,11,Yen So,1,Yes,5,6,11,50.0,8.93,5.6,72.0,3600.0
08/02/2020,9,Bach Khoa,2,No,3,2,6,24.0,6.0,4.0,74.58,1789.92
08/02/2020,7,Cat Linh,1,No,5,9,16,39.0,11.14,3.5,110.26,4300.14
08/02/2020,13,Dai Mo,1,Yes,4,4,8,39.0,11.14,3.5,69.23,2699.97
08/02/2020,1,Dong Du,1,Yes,3,2,6,30.0,10.0,3.0,50.27,1508.1
08/02/2020,12,Duc Giang,2,Yes,3,4,8,100.0,13.33,7.5,148.0,14800.0
08/02/2020,12,Gia Thuy,1,Yes,1,1,5,40.0,12.01,3.33,58.75,2350.0
08/02/2020,10,Hang Bai,2,Yes,5,4,10,56.0,8.62,6.5,240.18,13450.08
08/02/2020,15,Khuong Dinh,1,No,5,3,7,29.0,9.67,3.0,77.59,2249.994
08/02/2020,15,Khuong Mai,1,Yes,4,6,11,50.0,8.93,5.6,736.0,36800.0
08/02/2020,15,Khuong Trung,1,No,4,3,7,30.0,7.32,4.1,70.0,2100.0
08/02/2020,15,Khuong Trung,1,Yes,4,3,7,35.0,10.94,3.2,111.43,3900.05
08/02/2020,15,Khuong Trung,2,Yes,5,4,10,68.0,10.46,6.5,101.47,6899.96
08/02/2020,8,Kien Hung,1,Yes,5,6,11,40.0,11.43,3.5,65.0,2600.0
08/02/2020,12,Long Bien,1,Yes,4,3,7,38.0,10.86,3.5,67.11,2550.18
08/02/2020,6,Mai Dich,1,Yes,5,6,11,75.0,12.0,6.25,120.0,9000.0
08/02/2020,9,Minh Khai,1,No,4,3,7,20.0,5.0,4.0,91.5,1830.0
08/02/2020,9,Minh Khai,1,Yes,2,3,7,40.0,11.43,3.5,44.13,1765.2
08/02/2020,13,My Dinh 1,2,Yes,5,3,9,32.0,8.89,3.6,110.94,3550.08
08/02/2020,13,My Dinh 1,1,Yes,4,4,8,40.0,11.43,3.5,74.75,2990.0
08/02/2020,13,My Dinh 2,1,Yes,4,4,8,46.0,9.2,5.0,90.22,4150.12
08/02/2020,7,Nga Tu So,2,No,4,3,8,26.0,8.67,3.0,126.92,3299.92
08/02/2020,6,Nghia Do,1,Yes,5,3,7,30.0,7.94,3.78,110.0,3300.0
08/02/2020,6,Nghia Do,1,No,5,6,11,70.0,10.0,7.0,128.57,8999.9
08/02/2020,4,Ngoc Khanh,1,Yes,4,4,8,40.0,11.43,3.5,96.25,3850.0
08/02/2020,14,Phu Thuong,1,Yes,5,6,11,51.0,8.5,6.0,107.65,5490.15
08/02/2020,5,Phuc Dien,2,Yes,3,4,8,40.0,11.43,3.5,87.5,3500.0
08/02/2020,10,Phuc Tan,1,No,3,2,6,20.0,5.0,4.0,52.5,1050.0
08/02/2020,13,Phuong Canh,1,Yes,4,3,7,30.0,10.0,3.0,81.67,2450.1
08/02/2020,14,Quang An,2,Yes,3,5,9,50.0,10.0,5.0,148.0,7400.0
08/02/2020,7,Quang Trung,1,Yes,7,10,17,75.0,11.54,6.5,200.0,15000.0
08/02/2020,9,Thanh Nhan,1,Yes,3,3,7,72.0,11.08,6.5,94.44,6799.68
08/02/2020,15,Thanh Xuan Nam,2,Yes,10,8,19,65.0,10.0,6.5,315.38,20499.7
08/02/2020,15,Thuong Dinh,1,Yes,5,4,8,35.0,10.0,3.5,105.71,3699.85
08/02/2020,15,Thuong Dinh,1,Yes,4,4,8,36.0,10.29,3.5,93.06,3350.16
08/02/2020,5,Thuy Phuong,1,Yes,3,3,7,40.0,10.9,3.67,62.5,2500.0
08/02/2020,12,Viet Hung,1,Yes,5,4,8,60.0,9.23,6.5,99.17,5950.2
08/02/2020,4,Vinh Phuc,1,Yes,4,3,7,32.0,9.14,3.5,89.06,2849.92
08/02/2020,4,Vinh Phuc,1,No,5,3,7,33.0,9.43,3.5,71.21,2349.93
08/02/2020,8,Yen Nghia,1,No,4,2,6,72.0,10.0,7.2,21.04,1514.88
08/02/2020,14,Yen Phu,3,Yes,5,3,10,45.0,9.18,4.9,144.44,6499.8
08/02/2020,11,Yen So,1,No,4,3,7,47.0,9.4,5.0,56.38,2649.86
08/02/2020,8,Yet Kieu,2,Yes,3,3,7,30.0,7.87,3.81,103.33,3099.9
08/03/2020,9,Bach Khoa,1,Yes,5,4,8,33.0,9.43,3.5,87.88,2900.04
08/03/2020,7,Cat Linh,1,No,4,3,7,22.0,5.0,4.4,88.64,1950.08
08/03/2020,11,Dai Kim,1,No,4,4,8,50.0,10.0,5.0,60.0,3000.0
08/03/2020,13,Dai Mo,2,Yes,4,6,11,45.0,9.0,5.0,106.67,4800.15
08/03/2020,11,Dinh Cong,1,No,5,4,8,36.0,12.0,3.0,76.39,2750.04
08/03/2020,11,Dinh Cong,2,Yes,5,5,11,54.0,12.56,4.3,101.85,5499.9
08/03/2020,12,Giang Bien,1,Yes,2,2,6,54.0,10.8,5.0,42.59,2299.86
08/03/2020,15,Ha Dinh,1,No,5,3,7,40.0,11.59,3.45,96.25,3850.0
08/03/2020,7,Kham Thien,1,No,4,2,6,24.0,5.85,4.1,95.83,2299.92
08/03/2020,15,Khuong Trung,1,Yes,5,4,8,43.0,8.05,5.34,165.12,7100.16
08/03/2020,15,Khuong Trung,1,No,3,3,7,50.0,10.0,5.0,73.0,3650.0
08/03/2020,15,Kim Giang,1,No,5,5,10,38.0,10.67,3.56,92.11,3500.18
08/03/2020,15,Kim Giang,1,Yes,4,6,11,45.0,7.94,5.67,62.22,2799.9
08/03/2020,15,Kim Giang,1,Yes,4,4,8,60.0,9.68,6.2,63.33,3799.8
08/03/2020,7,Kim Lien,1,Yes,5,4,8,35.0,10.0,3.5,108.57,3799.95
08/03/2020,8,La Khe,1,Yes,4,3,7,36.0,10.88,3.31,66.67,2400.12
08/03/2020,8,La Khe,1,No,5,4,8,43.0,8.6,5.0,89.53,3849.79
08/03/2020,11,Linh Nam,1,Yes,3,2,6,27.0,8.71,3.1,72.96,1969.92
08/03/2020,6,Mai Dich,1,Yes,5,3,7,35.0,9.72,3.6,91.43,3200.05
08/03/2020,6,Mai Dich,2,Yes,7,8,16,55.0,11.0,5.0,236.36,12999.8
08/03/2020,9,Minh Khai,1,Yes,3,4,8,63.0,9.69,6.5,5.63,354.69
08/03/2020,8,Mo Lao,1,No,4,3,7,33.0,9.62,3.43,83.33,2749.89
08/03/2020,13,My Dinh 1,1,Yes,4,3,7,30.0,10.0,3.0,83.33,2499.9
08/03/2020,13,My Dinh 1,2,Yes,5,4,10,35.0,9.46,3.7,85.71,2999.85
08/03/2020,7,Nam Dong,4,Yes,4,4,11,100.0,13.54,7.38,162.0,16200.0
08/03/2020,6,Nghia Do,2,Yes,5,4,10,42.0,8.4,5.0,104.76,4399.92
08/03/2020,6,Nghia Do,1,Yes,5,6,11,45.0,9.0,5.0,111.11,4999.95
08/03/2020,15,Nhan Chinh,1,Yes,2,2,6,33.0,9.43,3.5,74.24,2449.92
08/03/2020,15,Nhan Chinh,1,Yes,5,5,10,35.0,9.54,3.67,85.71,2999.85
08/03/2020,15,Nhan Chinh,1,Yes,5,4,8,40.0,12.05,3.32,112.5,4500.0
08/03/2020,8,Phu La,3,Yes,4,6,12,91.0,11.38,8.0,69.01,6279.91
08/03/2020,15,Phuong Liet,1,Yes,5,4,8,50.0,10.0,5.0,124.0,6200.0
08/03/2020,14,Quang An,1,Yes,4,3,7,30.0,8.11,3.7,80.0,2400.0
08/03/2020,8,Quang Trung,1,Yes,5,3,7,33.0,9.43,3.5,66.67,2200.11
08/03/2020,9,Quynh Loi,1,Yes,4,4,8,35.0,8.86,3.95,85.71,2999.85
08/03/2020,3,Ta Thanh Oai,1,Yes,5,5,10,40.0,11.43,3.5,45.0,1800.0
08/03/2020,11,Tan Mai,1,Yes,4,2,6,28.0,9.33,3.0,85.36,2390.08
08/03/2020,11,Thanh Tri,1,Yes,5,3,7,32.0,9.14,3.5,67.19,2150.08
08/03/2020,7,Thinh Quang,1,Yes,4,3,7,40.0,11.43,3.5,95.0,3800.0
08/03/2020,7,Thinh Quang,1,Yes,5,6,11,54.0,10.8,5.0,87.04,4700.16
08/03/2020,15,Thuong Dinh,1,No,3,2,6,64.0,9.85,6.5,67.97,4350.08
08/03/2020,6,Trung Hoa,1,Yes,5,6,11,35.0,10.0,3.5,117.14,4099.9
08/03/2020,13,Trung Van,1,Yes,1,1,5,45.0,9.0,5.0,71.11,3199.95
08/03/2020,8,Van Quan,1,Yes,5,3,7,40.0,10.96,3.65,71.25,2850.0
08/03/2020,4,Vinh Phuc,1,Yes,5,3,7,39.0,10.4,3.75,76.92,2999.88
08/03/2020,4,Vinh Phuc,1,Yes,4,4,8,40.0,11.43,3.5,75.0,3000.0
08/03/2020,9,Vinh Tuy,1,No,3,4,8,68.0,10.46,6.5,100.0,6800.0
08/03/2020,14,Xuan La,1,Yes,5,3,7,30.0,10.0,3.0,158.33,4749.9
08/03/2020,8,Yet Kieu,2,Yes,9,9,19,52.0,10.4,5.0,125.0,6500.0
08/04/2020,9,Bach Khoa,1,Yes,3,3,7,45.0,9.0,5.0,51.11,2299.95
08/04/2020,9,Cau Den,1,Yes,5,4,8,45.0,9.0,5.0,128.89,5800.05
08/04/2020,13,Cau Dien,3,Yes,5,4,10,113.0,12.15,9.3,247.79,27999.931
08/04/2020,5,Co Nhue 1,1,Yes,5,4,8,40.0,11.43,3.5,70.0,2800.0
08/04/2020,5,Co Nhue 1,2,Yes,5,3,9,45.0,9.0,5.0,64.44,2899.8
08/04/2020,4,Cong Vi,1,No,5,3,7,25.0,6.25,4.0,96.0,2400.0
08/04/2020,4,Cong Vi,1,Yes,8,7,12,55.0,11.0,5.0,309.09,16999.95
08/04/2020,6,Dich Vong Hau,1,No,4,5,10,45.0,9.0,5.0,111.11,4999.95
08/04/2020,12,Duc Giang,2,Yes,3,4,8,196.0,29.7,6.6,80.61,15799.56
08/04/2020,12,Gia Thuy,2,Yes,2,3,7,70.0,11.2,6.25,102.86,7200.2
08/04/2020,8,Ha Cau,1,Yes,4,3,7,33.0,9.43,3.5,65.15,2149.95
08/04/2020,8,Ha Cau,1,Yes,4,4,8,45.0,9.0,5.0,62.22,2799.9
08/04/2020,8,Ha Cau,2,Yes,5,4,10,50.0,8.03,6.23,92.0,4600.0
08/04/2020,11,Hoang Liet,2,Yes,5,4,10,44.0,8.15,5.4,89.77,3949.88
08/04/2020,11,Hoang Van Thu,1,Yes,4,3,7,20.0,4.65,4.3,97.5,1950.0
08/04/2020,11,Hoang Van Thu,2,Yes,3,3,7,21.0,5.25,4.0,100.0,2100.0
08/04/2020,11,Hoang Van Thu,1,Yes,5,3,7,25.0,6.76,3.7,96.0,2400.0
08/04/2020,11,Hoang Van Thu,1,Yes,4,3,7,27.0,9.0,3.0,72.22,1949.94
08/04/2020,11,Hoang Van Thu,1,Yes,4,3,7,28.0,9.33,3.0,70.0,1960.0
08/04/2020,11,Hoang Van Thu,2,Yes,5,3,9,30.0,10.0,3.0,118.33,3549.9
08/04/2020,11,Hoang Van Thu,1,Yes,5,3,7,32.0,9.14,3.5,89.06,2849.92
08/04/2020,11,Hoang Van Thu,1,Yes,5,3,7,36.0,11.61,3.1,76.39,2750.04
08/04/2020,11,Hoang Van Thu,2,Yes,5,9,15,77.0,11.85,6.5,2.08,160.16
08/04/2020,7,Kham Thien,1,Yes,3,2,6,58.0,8.92,6.5,5.52,320.16
08/04/2020,15,Khuong Trung,1,No,4,4,8,38.0,10.86,3.5,68.42,2599.96
08/04/2020,8,Kien Hung,4,Yes,3,5,12,200.0,25.0,8.0,47.25,9450.0
08/04/2020,7,Kim Lien,1,No,3,3,7,28.0,9.33,3.0,100.0,2800.0
08/04/2020,4,Kim Ma,1,Yes,3,2,6,30.0,10.0,3.0,60.0,1800.0
08/04/2020,4,Kim Ma,1,Yes,4,4,8,32.0,9.14,3.5,84.38,2700.16
08/04/2020,8,La Khe,1,Yes,5,3,7,34.0,9.71,3.5,63.24,2150.16
08/04/2020,8,La Khe,1,Yes,4,3,7,36.0,10.29,3.5,59.72,2149.92
08/04/2020,8,La Khe,1,Yes,3,2,6,37.0,11.21,3.3,53.51,1979.87
08/04/2020,8,La Khe,2,Yes,5,5,11,90.0,12.0,7.5,108.89,9800.1
08/04/2020,7,Lang Ha,1,Yes,5,3,7,35.0,10.14,3.45,114.29,4000.15
08/04/2020,7,Lang Ha,2,Yes,5,4,10,42.0,8.17,5.14,361.9,15199.8
08/04/2020,7,Lang Ha,1,Yes,5,4,8,54.0,10.8,5.0,200.0,10800.0
08/04/2020,7,Lang Thuong,1,Yes,5,4,8,44.0,8.8,5.0,163.64,7200.16
08/04/2020,4,Lieu Giai,1,Yes,5,6,11,47.0,9.4,5.0,101.06,4749.82
08/04/2020,12,Long Bien,1,Yes,5,5,10,40.0,11.94,3.35,68.75,2750.0
08/04/2020,6,Mai Dich,1,Yes,5,4,8,34.0,9.71,3.5,120.59,4100.06
08/04/2020,11,Mai Dong,1,Yes,5,4,8,31.0,8.86,3.5,88.71,2750.01
08/04/2020,11,Mai Dong,1,Yes,4,4,8,34.0,9.71,3.5,120.59,4100.06
08/04/2020,13,My Dinh 2,2,Yes,5,5,11,51.0,10.2,5.0,76.47,3899.97
08/04/2020,7,Nam Dong,1,Yes,5,4,8,31.0,8.66,3.58,112.9,3499.9
08/04/2020,7,Nga Tu So,1,Yes,5,4,8,41.0,8.2,5.0,207.32,8500.12
08/04/2020,7,Nga Tu So,2,Yes,4,4,9,60.0,8.82,6.8,310.0,18600.0
08/04/2020,6,Nghia Do,1,No,5,5,10,45.0,8.57,5.25,95.56,4300.2
08/04/2020,6,Nghia Tan,2,Yes,5,4,10,40.0,11.24,3.56,187.5,7500.0
08/04/2020,4,Ngoc Ha,1,No,5,5,10,33.0,8.85,3.73,136.36,4499.88
08/04/2020,12,Ngoc Thuy,1,No,5,4,8,37.0,10.57,3.5,78.38,2900.06
08/04/2020,15,Nhan Chinh,1,Yes,5,4,8,36.0,10.29,3.5,80.56,2900.16
08/04/2020,15,Nhan Chinh,1,No,4,3,7,46.0,9.2,5.0,81.52,3749.92
08/04/2020,7,O Cho Dua,1,Yes,4,2,6,30.0,10.0,3.0,86.67,2600.1
08/04/2020,7,O Cho Dua,1,Yes,4,4,8,30.0,10.0,3.0,50.0,1500.0
08/04/2020,7,O Cho Dua,2,Yes,6,6,13,60.0,9.23,6.5,483.33,28999.8
08/04/2020,5,Phu Dien,1,Yes,4,4,8,36.0,10.29,3.5,65.28,2350.08
08/04/2020,13,Phu Do,2,Yes,5,4,10,54.0,10.8,5.0,101.85,5499.9
08/04/2020,8,Phu La,2,Yes,5,4,10,40.0,11.43,3.5,50.0,2000.0
08/04/2020,8,Phu La,1,Yes,5,4,8,50.0,10.0,5.0,108.0,5400.0
08/04/2020,8,Phu La,3,Yes,5,6,13,83.0,11.07,7.5,104.43,8667.69
08/04/2020,5,Phuc Dien,1,Yes,4,5,10,42.0,8.4,5.0,67.86,2850.12
08/04/2020,13,Phuong Canh,1,Yes,5,3,7,32.0,9.14,3.5,51.56,1649.92
08/04/2020,13,Phuong Canh,1,Yes,2,2,6,34.0,9.71,3.5,45.82,1557.88
08/04/2020,15,Phuong Liet,1,Yes,5,5,10,48.0,9.6,5.0,114.58,5499.84
08/04/2020,6,Quan Hoa,1,Yes,5,4,8,45.0,9.0,5.0,102.22,4599.9
08/04/2020,7,Quoc Tu Giam,1,No,2,3,7,31.0,8.86,3.5,74.19,2299.89
08/04/2020,7,Quoc Tu Giam,2,Yes,5,8,14,75.0,11.54,6.5,393.33,29499.75
08/04/2020,9,Quynh Mai,1,Yes,5,4,8,40.0,11.14,3.59,162.25,6490.0
08/04/2020,3,Ta Thanh Oai,1,Yes,3,2,6,42.0,7.5,5.6,29.76,1249.92
08/04/2020,3,Tam Hiep,1,Yes,3,3,7,36.0,10.29,3.5,55.22,1987.92
08/04/2020,3,Tam Hiep,1,Yes,4,4,8,43.0,8.22,5.23,50.0,2150.0
08/04/2020,11,Tan Mai,1,Yes,4,3,7,48.0,6.93,6.93,68.75,3300.0
08/04/2020,11,Tan Mai,2,Yes,5,6,12,60.0,9.23,6.5,125.0,7500.0
08/04/2020,13,Tay Mo,1,Yes,4,3,7,32.0,8.89,3.6,60.94,1950.08
08/04/2020,12,Thach Ban,1,Yes,5,5,10,45.0,9.0,5.0,91.11,4099.95
08/04/2020,9,Thanh Luong,1,Yes,4,3,7,35.0,10.06,3.48,68.57,2399.95
08/04/2020,15,Thuong Dinh,1,Yes,5,4,8,62.0,9.54,6.5,125.81,7800.22
08/04/2020,7,Trung Tu,1,Yes,5,5,10,120.0,13.33,9.0,125.0,15000.0
08/04/2020,13,Trung Van,1,Yes,1,1,5,45.0,7.76,5.8,71.11,3199.95
08/04/2020,11,Tuong Mai,1,Yes,5,4,8,45.0,9.0,5.0,64.44,2899.8
08/04/2020,11,Tuong Mai,1,Yes,4,4,8,48.0,9.6,5.0,62.5,3000.0
08/04/2020,11,Tuong Mai,2,Yes,5,3,9,55.0,11.0,5.0,51.82,2850.1
08/04/2020,11,Tuong Mai,1,No,3,2,6,65.0,10.0,6.5,52.31,3400.15
08/04/2020,8,Van Phuc,1,Yes,5,4,8,30.0,10.0,3.0,82.67,2480.1
08/04/2020,8,Van Phuc,1,No,5,3,7,35.0,10.0,3.5,71.43,2500.05
08/04/2020,8,Van Quan,2,Yes,2,2,5,45.0,9.0,5.0,122.22,5499.9
08/04/2020,8,Van Quan,1,No,4,4,8,60.0,9.23,6.5,83.33,4999.8
08/04/2020,8,Van Quan,1,Yes,5,6,11,65.0,10.0,6.5,75.38,4899.7
08/04/2020,8,Van Quan,2,Yes,4,4,9,68.0,10.71,6.35,76.47,5199.96
08/04/2020,11,Vinh Hung,1,Yes,2,2,6,30.0,8.33,3.6,28.33,849.9
08/04/2020,4,Vinh Phuc,1,Yes,4,2,6,35.0,9.54,3.67,80.86,2830.1
08/04/2020,5,Xuan Dinh,1,Yes,2,3,7,81.0,11.25,7.2,39.51,3200.31
08/05/2020,12,Bo De,1,No,5,4,8,52.0,10.4,5.0,93.27,4850.04
08/05/2020,5,Co Nhue 1,1,Yes,2,2,6,57.0,8.77,6.5,83.33,4749.81
08/05/2020,6,Dich Vong,1,Yes,4,4,8,42.0,7.45,5.64,88.1,3700.2
08/05/2020,11,Dinh Cong,1,Yes,5,4,8,30.0,10.0,3.0,83.33,2499.9
08/05/2020,9,Dong Mac,2,Yes,6,5,12,32.0,9.14,3.5,184.38,5900.16
08/05/2020,8,Van Quan,1,Yes,4,3,7,41.0,7.88,5.2,64.63,2649.83
08/05/2020,6,Yen Hoa,1,Yes,4,3,7,43.0,8.6,5.0,86.05,3700.15
